Date,alpha_fwd_1,pred_alpha_fwd_1,alpha_lag1,alpha_lag2,alpha_lag4,alpha_lag8,alpha_ma4,alpha_ma12,fed_funds_rate_diff_1,2Y_treasury_diff_1,CPI_z_4,^VIX_diff_1,gt_interest,gt_interest_diff_1,gt_interest_z_8,SBUX_mom_4,SPY_mom_4,XLY_mom_4,MCD_mom_4,SPY,SBUX
2019-04-01,-0.0026514386705158,0.0035552967121889,0.0052744329285401,0.001818107413467,-0.0161570082165182,-0.0190701098388458,0.0084332370373987,-0.0005973263856954,0.0099999999999997,0.0700000000000002,1.5000000000085991,1.7290802001953125,64.0,2.0,1.183215956619923,0.0624512428119643,0.0817472959548868,0.0560413034343982,-0.2012460869641685,64.8110580444336,163.111572265625
2019-04-08,0.019793978439946,0.0015555443500602,0.0011140412853137,0.0052744329285401,0.0255263665222741,0.0230830912796611,0.0013887857392012,-0.0004461451461434,0.0,0.0299999999999998,0.8660254037883715,0.3769035339355469,64.0,0.0,0.9354143466934864,0.0338314408827469,0.0846185817022024,0.0360031970555625,-0.0675465743656048,66.21041107177734,163.8727264404297
2019-04-15,0.0068816449766154,0.0007831286591927,-0.0026514386705158,0.0011140412853137,0.001818107413467,0.0147410661388065,0.005882753495821,0.0017607796314998,0.0,0.04,0.5000000000031884,0.4475860595703125,64.0,0.0,0.7637626158259765,0.0433598352336956,0.056976276705146,0.038567525845168,-0.266383465509048,65.70079040527344,166.70375061035156
2019-05-06,-0.0075727923323775,-0.0010008410632007,-0.0021552363609531,0.0068816449766154,-0.0026514386705158,0.0255263665222741,0.0088487616271258,0.0064757754970983,-0.0299999999999998,0.0100000000000002,1.5000000023212048,-1.3238868713378906,82.0,18.0,2.4517705565139334,0.0437894912483869,0.0230923434471443,-0.0070995922276559,0.3355537560235926,67.73936462402344,171.0486297607422
2019-05-13,0.0045552408584812,0.0011314490327003,0.0108746594528951,-0.0021552363609531,0.019793978439946,0.001818107413467,0.0020070689340449,0.0046162872911663,0.0,-0.1299999999999999,0.8660254047926753,-0.6501693725585866,82.0,0.0,1.6148556036654376,0.0221127556121469,0.0422831750998138,-0.014412668848465,0.320099242077404,68.47882843017578,170.39002990722656
2019-05-20,0.0029166124424397,0.0016794836047959,-0.0075727923323775,0.0108746594528951,0.0068816449766154,0.0052744329285401,0.0014254679045114,0.003941833024764,0.0,0.0299999999999998,0.5000000007785094,-1.1684112548828196,82.0,0.0,1.207614728849122,0.001773032500987,-0.0122233035683128,-0.0362290546759449,0.2450904125237145,66.08368682861328,169.14988708496094
2019-06-03,-0.0085596251661578,0.0005721166481537,0.0029166124424397,0.0045552408584812,0.0108746594528951,-0.0026514386705158,0.0029891822567643,0.0044089098743638,-0.0100000000000002,-0.3400000000000001,-1.5000000013436416,2.280292510986321,70.0,-12.0,-0.415023004769844,0.0334679977230725,0.0566518830274676,-0.0015621930800961,0.0162093707414638,71.5769271850586,176.77328491210938
2019-06-10,-0.002935063029639,0.0010689850719603,0.012057668058514,0.0029166124424397,-0.0075727923323775,0.019793978439946,0.0027424740483193,0.0035440988260617,0.0,0.0799999999999998,-0.8660254043643372,1.2767829895019602,70.0,0.0,-0.5400617248673235,0.0365035053835602,0.0675454732728757,0.0119649364784786,-0.0426065353101798,73.10426330566406,176.60986328125
2019-06-17,0.0166006493557846,0.0014788199187265,-0.0085596251661578,0.012057668058514,0.0045552408584812,0.0068816449766154,0.0008698980762892,0.0028599741628801,0.0,-0.0399999999999998,-0.5000000004440567,0.4852676391601491,70.0,0.0,-0.7020086124500378,0.0388640669665985,0.1007222467682809,0.0396772331025829,-0.0283912146441052,72.73978424072266,175.72373962402344
2019-07-01,-0.0008002871274555,0.0016247494707422,0.0166006493557846,-0.002935063029639,0.012057668058514,0.0108746594528951,0.0011499578294871,0.0043293005711258,0.02,0.06,1.500000000027236,1.1819000244140625,72.0,2.0,-0.4551832387313054,0.0280321629304893,0.0643791641435893,0.0426270871150866,-0.1852760518677156,76.18498992919922,181.72862243652344
2019-07-08,0.0017519326801127,0.0034817903576372,-0.0005061298420392,0.0166006493557846,-0.0085596251661578,-0.0075727923323775,0.0030897923391627,0.0026131117738423,0.0,0.0999999999999998,0.8660254037965593,1.1251678466796875,72.0,0.0,-0.2820380374088853,0.0375080004810657,0.0656455980334633,0.0444314638207425,-0.1891360890152632,77.90323638916016,183.2341461181641
2019-07-15,-0.0260752604490171,0.0014624354577057,-0.0008002871274555,-0.0005061298420392,-0.002935063029639,0.0045552408584812,0.0042615412666006,0.0021856357491337,0.0,-0.0499999999999998,0.5000000000096335,-0.9077072143554688,72.0,0.0,-0.061545745489667,0.0470481184338869,0.0773086302720882,0.0156984446722459,-0.061688300830997,78.36319732666016,183.9912109375
2019-08-05,-0.014267998888528,0.0014886455618725,0.0073063141413066,-0.0260752604490171,-0.0008002871274555,-0.0085596251661578,0.0027991265510699,0.0028771309795173,-0.27,-0.26,1.500000000188294,0.0898170471191335,67.0,-5.0,-2.1435823649190016,0.0383116598143986,0.0727415408562566,-0.0300351288447888,0.450363100517501,83.57003784179688,190.254150390625
2019-08-12,-0.0107055337683206,0.0027801342831106,0.0282135198318776,0.0073063141413066,0.0017519326801127,-0.002935063029639,-0.0012058563410902,0.0013085276672665,0.0,-0.01,0.8660254038665115,-1.1346206665039062,67.0,0.0,-1.5433549314543944,0.0215080417659643,0.0729327117000013,-0.0279974303107146,0.2782006613945964,84.07843780517578,187.9485015869141
2019-08-19,0.0083915785888272,0.0026124955098238,-0.014267998888528,0.0282135198318776,-0.0260752604490171,0.0166006493557846,0.0026365753290838,0.0001733488163698,0.0,-0.05,0.5000000000635036,0.2836494445800781,67.0,0.0,-1.2076147288491488,-0.0042673238522563,-0.0408741278188131,-0.0568198026233198,0.6340461421520602,82.49305725097656,184.6708526611328
2019-09-02,-0.0255138703342916,0.0012309460237387,0.0083915785888272,-0.0107055337683206,0.0282135198318776,-0.0008002871274555,0.000294437564875,0.0020611188183692,-0.0899999999999998,-0.04,1.5000000000684006,1.5553741455078125,71.0,4.0,0.6347670086837923,0.000196415028725,-0.0020467984675851,0.0220493045320082,-0.165275427203123,83.39898681640625,190.29151916503903
2019-09-09,-0.0002974098978578,0.0028182364785067,0.0177597043275215,0.0083915785888272,-0.014267998888528,0.0017519326801127,-0.0025170302965658,0.0001795515429815,0.0,0.08,0.8660254038143069,0.2600212097167969,71.0,0.0,0.7187254448398682,-0.0345611283166819,-0.062577532848611,0.0423751994820285,-0.2560909430471045,78.8170166015625,181.45278930664065
2019-09-16,0.0249707622603891,0.0037209095270458,-0.0255138703342916,0.0177597043275215,-0.0107055337683206,-0.0260752604490171,8.500067104984975e-05,-0.0012286200614886,0.0,0.1599999999999999,0.5000000000231729,-1.4324607849121025,71.0,0.0,0.816928932867461,-0.0193930406130456,-0.0488914250411328,0.0471476690541516,-0.2289884726841672,78.45985412597656,181.0895233154297
2019-10-07,-0.0010803069288251,0.0036056988609111,0.0033199237080716,0.0249707622603891,-0.0255138703342916,-0.014267998888528,0.003370037769792,-0.000117616289288,-0.2099999999999999,-0.1699999999999999,1.5000000000211438,0.6498336791992188,66.0,-5.0,-1.4908256020104715,-0.0037653184702935,-0.0455352316744338,-0.0114310844399662,0.1339155882997627,75.22806549072266,180.76956176757807
2019-10-14,-0.053632262664525,0.0021068247532483,-0.0145131249914346,0.0033199237080716,-0.0002974098978578,-0.0107055337683206,0.0031743135120502,0.0019652965040613,0.0,0.1699999999999999,0.8660254037938176,0.7494277954101634,66.0,0.0,-1.3347758261311835,-0.0042503789428999,-0.0448539414560054,0.0035741751767279,-0.0698433235077488,74.94062042236328,180.31982421875
2019-10-21,-0.0024624902172385,0.001833419256516,-0.0010803069288251,-0.0145131249914346,0.0249707622603891,0.0083915785888272,-0.0164764427191783,-0.0031129182297579,0.0,-0.0099999999999997,0.5000000000072635,-0.5264968872070312,66.0,0.0,-1.207614728849146,-0.0870237567771653,-0.0564672858867514,0.0209882093534461,-0.2653890753224411,72.63218688964844,168.30718994140625
2019-11-04,-0.0113475144980386,0.0027143961761478,-0.0024624902172385,-0.053632262664525,-0.0145131249914346,-0.0255138703342916,-0.012789481348324,-0.0039788246250326,-0.28,-0.0399999999999998,1.5000000000227742,-0.1470413208007812,80.0,14.0,2.1313101708717217,-0.073724769167734,-0.053149536225749,0.0427297513625455,-0.225288847629654,71.22972869873047,167.44236755371094
2019-11-11,-0.0003385465378723,0.005125800940728,0.0060171344172926,-0.0024624902172385,-0.0010803069288251,-0.0002974098978578,-0.0153562832406274,-0.0040323230191757,0.0,0.0799999999999998,0.8660254037944559,0.0142288208007812,80.0,0.0,1.5134040998382703,-0.0696881050379777,-0.0211554619303593,0.0463804340522744,-0.154385951527378,73.35521697998047,167.75367736816406
2019-11-18,-0.0051903273268457,0.0041181440450301,-0.0113475144980386,0.0060171344172926,-0.053632262664525,0.0249707622603891,-0.0020328542089642,-0.0047598334464007,0.0,-0.0799999999999998,0.5000000000079577,-0.5027847290039062,80.0,0.0,1.1712187015042312,-0.0075538205178882,0.0006596606781101,0.0310347284486154,-0.0245058873747537,72.68009948730469,167.03582763671875
2019-12-02,-0.0020860970558421,0.0050847428841259,-0.0051903273268457,-0.0003385465378723,0.0060171344172926,-0.0145131249914346,-0.0025579861764595,-0.0039924765849971,0.0,0.0,1.5000000000230842,-0.3367576599121094,86.0,6.0,1.2924606552829985,0.0154532240069555,0.0609208884577843,0.0191946758009915,0.1284175832580611,75.56910705566406,170.02989196777344
2019-12-09,0.0009593324867852,0.0053078902893315,0.0066444436569185,-0.0051903273268457,-0.0113475144980386,-0.0010803069288251,-0.0002426318159104,-0.0041415338481625,0.0,0.0199999999999997,0.8660254037946966,0.6782875061035156,86.0,0.0,1.0183501544346358,0.0227522431747408,0.0582261853192183,0.0177362550899147,0.0481327729896645,77.62641143798828,171.57044982910156
2019-12-16,0.006579571639781,0.007300274225851,-0.0020860970558421,0.0066444436569185,-0.0003385465378723,-0.053632262664525,8.183794025394328e-05,-0.0061424863292962,0.0,0.02,0.5000000000081047,0.6545715332031321,86.0,0.0,0.8373523394589412,0.0272518329457032,0.0655264159551121,0.0314189340723465,0.0137763431273778,77.44256591796875,171.58786010742188
2020-01-06,0.0080528548399515,0.0042396462332366,0.0067390604141035,0.006579571639781,-0.0020860970558421,-0.0113475144980386,0.0111515551466245,-0.0014824533033044,0.0,-0.04,1.5000000000578284,0.2427024841308451,67.0,-19.0,-2.262345718545204,0.0514915411638932,0.0168041177636693,0.0314863936225084,-0.0055423352486103,78.93085479736328,180.4048767089844
2020-01-13,0.0030716148450556,0.0012050751688563,0.0303282560458282,0.0067390604141035,0.0009593324867852,-0.0003385465378723,0.0129249357349161,0.0036579731554019,0.0,0.04,0.8660254038096483,0.7852134704589915,67.0,0.0,-1.5723815443238496,0.075276416157604,0.0583316060052694,0.0400708913647576,-0.0327737681783203,81.95991516113281,184.5043792724609
2020-01-20,0.0375509127393696,0.0010754400289147,0.0080528548399515,0.0303282560458282,0.006579571639781,-0.0051903273268457,0.0120479465362347,0.0041191485772597,0.0,0.0,0.5000000000198003,-0.9708175659179688,67.0,0.0,-1.2076147288491237,0.065953298753054,0.0442526347599441,0.0183052200838975,0.0841399917173069,80.56792449951172,183.86032104492188
2020-02-03,0.0137774746628727,-0.0002940311339782,0.0375509127393696,0.0030716148450556,0.0303282560458282,-0.0020860970558421,0.0079210738859808,0.0062766657388983,0.03,-0.0799999999999998,1.5000000009840384,1.4229087829589844,63.0,-4.0,-1.027929786348618,0.0209386540521729,-0.0414819790974445,0.0199258424888428,0.2316878782000004,75.65664672851562,184.18231201171875
2020-02-10,0.0012495903513506,0.0003203209164919,-0.0169910868804535,0.0375509127393696,0.0080528548399515,0.0009593324867852,0.0093522288417111,0.0074530008389603,0.0,0.01,0.8660254042115237,1.6085090637207031,63.0,0.0,-0.8095662454954979,0.0241061642473308,-0.0419132150819397,0.0170206261909142,0.130578501974736,78.52471160888672,188.9520721435547
2020-02-17,-0.0540834304858774,-0.0020976463310994,0.0137774746628727,-0.0169910868804535,0.0030716148450556,0.006579571639781,0.0088967227182848,0.0079896606454767,0.0,0.0499999999999998,0.5000000003304391,-0.6614761352538991,63.0,0.0,-0.6425966849701272,0.0219181424577179,-0.0463198657525298,0.0143262299749356,0.1730768840290799,76.83602905273438,187.89019775390625
2020-03-02,-0.073184964088253,-0.0034067208688023,-0.0540834304858774,0.0012495903513506,-0.0169910868804535,0.0303282560458282,0.0019404776935766,0.0070043689087273,-0.93,-0.42,-1.500000000010537,-0.5615501403808594,64.0,1.0,-0.3131998888946019,-0.0543714912599004,-0.1241478316674848,-0.104575746138567,1.7110535166631924,66.2640380859375,174.1680450439453
2020-03-09,-0.0523061745666905,-0.0028191445769622,0.0468182762459605,-0.0540834304858774,0.0137774746628727,0.0080528548399515,-0.0198001319942048,0.0008256775274741,0.0,-0.4599999999999999,-0.8660254037888334,-5.877281188964844,64.0,0.0,-0.1426493505393669,-0.1789652611372393,-0.2168458718678682,-0.2022511009173321,3.2273392208313707,61.496952056884766,155.13621520996094
2020-03-16,0.0096585927897066,0.0035148127739716,-0.073184964088253,0.0468182762459605,0.0012495903513506,0.0030716148450556,-0.0331890732237151,-0.0040814679897318,0.0,-0.02,-0.50000000000325,-6.895683288574219,64.0,0.0,0.0921691143012045,-0.3078278179556671,-0.3357373191996228,-0.313902034694971,2.866510609515146,51.039306640625,130.0523681640625
2020-04-06,-0.0172747072134689,0.0054394711804054,0.0101745086488189,0.0096585927897066,-0.073184964088253,0.0137774746628727,-0.0017215742030123,-0.0040564924518353,-0.6,0.04,-1.5000000000029257,6.823917388916023,54.0,-10.0,-2.453738644055917,0.0370913485158415,0.0566365468467731,0.0390463421024245,-0.2794397916382471,64.97992706298828,160.8904266357422
2020-04-13,0.0025348630647105,0.0042813816588075,0.0255867763161156,0.0101745086488189,-0.0523061745666905,0.0012495903513506,0.007036292635293,-0.0057520192900457,0.0,-0.02,-0.8660254037856203,2.988765716552728,54.0,0.0,-1.6155507681562191,0.2532831904590717,0.328623144644762,0.2601644363477093,-0.4223197910812102,67.81200408935547,162.99244689941406
2020-04-20,0.009046280056601,0.0043896819029386,-0.0172747072134689,0.0255867763161156,0.0096585927897066,-0.0540834304858774,0.005255360204044,-0.0086700234296006,0.0,-0.0499999999999999,-0.5000000000008408,-0.3251800537109375,54.0,0.0,-1.20761472884912,0.1220046146464302,0.1392821182560597,0.116604903511271,-0.4517851723638981,66.47509765625,161.1707000732422
2020-05-04,-0.0121685286777029,0.0057078559086103,0.009046280056601,0.0025348630647105,0.0255867763161156,-0.073184964088253,-0.0127397891127224,-0.0114204984366465,0.0,-0.0499999999999999,-1.5000000001806888,2.4005699157714915,71.0,17.0,1.6640394128142275,-0.0134458890101255,0.0540062643763115,0.0511861359881105,-0.328533698782629,68.48925018310547,158.72711181640625
2020-05-11,0.0285795649382837,0.0069920875986128,-0.0452655923587325,0.009046280056601,-0.0172747072134689,-0.0523061745666905,-0.0114632444787809,-0.012538675022401,0.0,-0.0199999999999999,-0.8660254038622199,-0.8511962890625071,71.0,0.0,1.3336293000816517,-0.0660401036409999,-0.0326965191705233,-0.00125632683615,-0.1640891713197971,65.59478759765625,152.22840881347656
2020-05-18,0.0070453080965836,0.0023971788460849,-0.0121685286777029,-0.0452655923587325,0.0025348630647105,0.0096585927897066,-0.0049520690103876,-0.0056500920703875,0.0,0.0099999999999999,-0.5000000000593954,2.749652862548828,71.0,0.0,1.107190918951523,0.0021191986770534,0.0327953876862958,0.0440682252785558,-0.2162538377892635,68.6551742553711,161.5122528076172
2020-06-01,0.0093634499867688,0.0036218454604886,0.0070453080965836,0.0285795649382837,-0.0452655923587325,0.0255867763161156,0.0126759406035249,-0.0005951409040699,0.03,-0.03,1.5000000000063545,3.3761138916015625,74.0,3.0,0.9819805060619664,0.095153013648852,0.0607959899400949,0.0919844902612612,-0.1236597262716078,72.65312194824219,173.83047485351562
2020-06-08,-0.0046647485062392,0.0006570578683259,0.0272474180569355,0.0070453080965836,-0.0121685286777029,-0.0172747072134689,0.0180589352696429,0.004543994475385,0.0,0.0799999999999999,0.8660254037873085,-2.826171875,74.0,0.0,0.7706331825246263,0.0956293932876464,0.0299353078286599,0.0626311857432728,0.1317027545727322,67.55838775634766,166.78591918945312
2020-06-15,-0.0004025773856765,0.0008450148515431,0.0093634499867688,0.0272474180569355,0.0285795649382837,0.0025348630647105,0.0097478569085121,0.0033503827007228,0.0,-0.03,0.5000000000022882,0.9755287170410156,74.0,0.0,0.6030226891555293,0.018404104652425,-0.0286006833599832,0.0446791826613874,0.2471590597367234,66.69158935546875,164.4847412109375
2020-07-06,0.0369557847532929,0.0026900529568715,-0.0011040125850418,-0.0004025773856765,0.0093634499867688,-0.0121685286777029,-0.0009312613184943,0.0018881431574558,0.0099999999999999,0.0,1.5000000000065454,1.8213958740234373,66.0,-8.0,-2.180695939971669,-0.0226779569281574,-0.0273631444696919,0.0485766371873475,-0.2438348351303492,65.70977783203125,163.00355529785156
2020-07-13,0.0210491462515382,-0.0011669568228914,0.0024462932029803,-0.0011040125850418,-0.0046647485062392,0.0285795649382837,0.0094738719963887,0.004756553298171,0.0,0.0,0.8660254037873684,0.2540473937988281,66.0,0.0,-1.5526475085203186,0.0263723237590161,-0.0164458782346077,0.0469664317535782,-0.2687926797782044,65.59478759765625,168.8225860595703
2020-07-20,-0.029956578335272,-0.0007044013261214,0.0369557847532929,0.0024462932029803,-0.0004025773856765,0.0070453080965836,0.0148368029056924,0.0057567921477491,0.0,0.0,0.50000000000233,0.8148269653320312,66.0,0.0,-1.207614728849132,0.1055971323381865,0.0588235577694289,0.0694217128295833,-0.2559746474755062,67.02769470214844,175.20590209960938
2020-08-03,-0.0182515632119816,-0.0024447994573937,-0.029956578335272,0.0210491462515382,0.0024462932029803,0.0093634499867688,0.0221400810018073,0.0130892516509853,0.01,-0.0399999999999999,1.5000000000136542,1.6200790405273438,68.0,2.0,-0.3131998888945991,0.1066635363428814,0.0201910849915798,0.0534654405940584,-0.1861488332953588,67.03652954101562,180.3900909423828
2020-08-10,0.0344635327275051,-0.0015619988214452,0.0605119713376703,-0.029956578335272,0.0369557847532929,-0.0046647485062392,0.0083382440104887,0.0091866576384632,0.0,0.03,0.866025403790481,1.538604736328125,68.0,0.0,-0.1426493505393654,0.0812092816340483,0.0625180863585821,0.0469972839425707,-0.1413551801003526,69.69564819335938,182.5325469970703
2020-08-17,-0.0574359502341965,-0.000258227080074,-0.0182515632119816,0.0605119713376703,0.0210491462515382,-0.0004025773856765,0.0116918406294804,0.01147150969104,0.0,0.0,0.5000000000046448,1.241424560546875,68.0,0.0,0.092169114301203,0.0646634722991763,0.0225551235030085,0.0579658724717211,-0.127708948048518,68.53951263427734,186.5353240966797
2020-09-07,0.013051119318249,-0.0008319565134261,-0.0254050780188382,-0.0574359502341965,-0.0182515632119816,0.0369557847532929,-0.0011469207445102,0.0055550650874557,-0.01,0.0,1.5000000000285705,-0.5224685668945312,64.0,-4.0,-1.9843134832985343,0.0591479857851897,0.0880436748260673,-0.008253008209979,0.2185941845327428,75.8319091796875,193.3289794921875
2020-09-14,-0.0040770103322906,-0.0008267301153116,0.0437898125474887,-0.0254050780188382,0.0344635327275051,0.0210491462515382,-0.0065000240968242,0.0066762064794495,0.0,0.0,0.8660254037968822,-1.0449066162109375,64.0,0.0,-1.500886263002038,0.0472123054330879,0.1022447432329827,-0.0260107319077432,0.1459626829878384,75.54731750488281,195.3420867919922
2020-09-21,0.0014736226530596,0.0032020279685063,0.013051119318249,0.0437898125474887,-0.0574359502341965,-0.029956578335272,0.0068397108786522,0.0064284566671788,0.0,0.0,0.5000000000096416,0.014373779296875,64.0,0.0,-1.2076147288491474,0.0211552476813468,-0.0082350900038322,-0.0585719602547312,0.1489547130952115,74.96928405761719,193.48863220214844
2020-10-05,0.031797345244206,0.0023807355185496,0.0014736226530596,-0.0040770103322906,0.0437898125474887,-0.0182515632119816,-0.0019659809864569,0.0017417807598405,0.0,0.0,1.5000000001304274,2.459312438964844,63.0,-1.0,-1.079625122857048,0.0313305248110338,0.0555879405680803,0.0424427296164953,-0.0695943721930583,80.04724884033203,199.38607788085932
2020-10-12,-0.0205703069611049,-0.0001709745040854,-0.0183116555848458,0.0014736226530596,0.013051119318249,0.0344635327275051,0.0027205754950322,0.0026374640092294,0.0,0.0199999999999999,0.8660254038408899,-0.2593765258789062,63.0,0.0,-0.8524640257830595,0.0413130385951692,0.042025065697933,0.0545299411720736,0.0611691803473828,78.72219848632812,203.41226196289065
2020-10-19,-0.0391186502216693,0.0026874993470438,0.031797345244206,-0.0183116555848458,-0.0040770103322906,-0.0574359502341965,-0.0014027486621712,0.00341965329041,0.0,0.0,0.5000000000433042,0.0672531127929687,63.0,0.0,-0.6851064595573244,0.0482629549012809,0.0771052475714846,0.0518665978500414,0.0443517859558546,80.74980926513672,202.82696533203125
2020-11-02,-0.0521246451750148,0.0033761730868503,-0.0391186502216693,-0.0205703069611049,-0.0183116555848458,0.0437898125474887,-0.010186504799412,-0.0044331355101264,0.0,0.0,1.5000000000388725,4.702484130859375,79.0,16.0,2.4649352735884857,-0.036783443073166,0.0071104969684863,0.0095431300571884,-0.0055999755859376,80.61642456054688,192.05197143554688
2020-11-09,-0.0098122764829161,0.0066474950051677,-0.0128544072590799,-0.0391186502216693,0.031797345244206,0.013051119318249,-0.0311670024042172,-0.011648817002003,0.0,0.01,0.8660254038012467,0.3314437866210937,79.0,0.0,1.617259329912632,-0.0701487664755358,0.0795298555688954,0.0311263093441798,-0.1572418639159279,84.98296356201172,189.1431427001953
2020-11-16,0.0081616342215214,0.007520576192335,-0.0521246451750148,-0.0128544072590799,-0.0205703069611049,-0.0040770103322906,-0.02847749478467,-0.0076801775227296,0.0,0.0199999999999999,0.5000000000128294,0.1152877807617187,79.0,0.0,1.206584065853355,-0.0639239455005645,0.0734300960153302,0.0276187662234939,-0.1397458649995908,86.67927551269531,189.8614654541016
2020-12-07,0.0334038263041042,0.0092220172146144,-0.0594260232349872,0.0081616342215214,-0.0521246451750148,0.031797345244206,-0.0185242735842902,-0.0156569001644917,0.0,-0.0199999999999999,1.5000000000104476,-0.8310012817382812,81.0,2.0,0.7573473239017025,-0.0200916689961062,0.082939525286503,0.0228988904369189,0.0090908693075655,92.03141021728516,185.3429412841797
2020-12-14,-0.0088652662274247,0.0067286344047083,-0.013020428840779,-0.0594260232349872,-0.0098122764829161,-0.0205703069611049,-0.0077202478875351,-0.0125334971114588,0.0,-0.01,0.8660254037889191,1.7724227905273438,81.0,0.0,0.5904042985720572,0.0105953975970445,0.064632725376645,0.0389777328531988,-0.0898734598965074,92.2815933227539,191.8731231689453
2020-12-21,-0.0175214426886995,0.008087288441137,0.0334038263041042,-0.013020428840779,0.0081616342215214,-0.0391186502216693,-0.0119769729997716,-0.0133950711848325,0.0,0.0,0.5000000000034115,-1.0134811401367188,81.0,0.0,1.207614728849456,-0.026032236888249,0.0339550987432131,0.0189811268886861,0.0331094303745451,91.14683532714844,188.58126831054688
2021-01-04,-0.0065038640033157,0.0095890799068215,-0.0175214426886995,-0.0088652662274247,-0.013020428840779,-0.0521246451750148,0.0052961569317721,-0.0147983730189117,0.0,-0.02,1.500000000036981,3.8546295166015625,71.0,-10.0,-2.3664319132399063,0.0390355024251574,0.0259221349442884,0.0452774612707052,-0.0750750767951272,94.41706085205078,192.5778961181641
2021-01-11,0.0061942825087725,0.0051674058979035,0.0141675103391085,-0.0175214426886995,0.0334038263041042,-0.0098122764829161,-0.0046807656450828,-0.013626169439096,0.0,0.03,0.866025403800407,-1.4388580322265625,71.0,0.0,-1.5880991227028254,-0.0240374303844489,-0.0091983544668928,0.0219987375229753,0.128419123641821,91.43275451660156,187.260986328125
2021-01-18,0.021526597029976,0.0058340617566267,-0.0065038640033157,0.0141675103391085,-0.0088652662274247,0.0081616342215214,-0.0009158784610335,-0.0098500917115592,0.0,-0.01,0.5000000000122472,2.0692901611328125,71.0,0.0,-1.1965860528262109,0.0094138926383351,0.0186258276066941,0.0376153450679217,0.0176497514467013,92.84452056884766,190.35655212402344
2021-02-01,0.0136238398046155,0.0067363161759582,0.021526597029976,0.0061942825087725,0.0141675103391085,-0.013020428840779,-0.0057549933053043,-0.0063277033192741,-0.0099999999999999,-0.02,1.500000000014793,4.918144226074219,62.0,-9.0,-1.7037915478911017,-0.0152406526218458,0.0076656711728793,0.0169176278233023,-0.03200364767165,95.14083099365234,189.64288330078125
2021-02-08,0.0045173355354637,0.0025997584796643,-0.0442369887566504,0.021526597029976,-0.0065038640033157,0.0334038263041042,-0.0007230673533215,-0.0043746936286465,0.0,0.0,0.8660254037908444,-0.9191360473632812,62.0,0.0,-1.28717205333337,0.0190080356339659,0.0290238691138067,0.0450891281889951,-0.179539885449375,94.08648681640624,190.8204498291016
2021-02-15,-0.0600499810787414,0.0017430708447091,0.0136238398046155,-0.0442369887566504,0.0061942825087725,-0.0088652662274247,-0.0011423040966487,-0.004678385185818,0.0,0.0,0.5000000000049311,-0.3368682861328125,62.0,0.0,-1.038343306816487,-0.0053426768790288,-0.005197087067417,0.0186740392637618,0.0063897485451134,92.36199951171876,189.33953857421875
2021-03-01,0.0088200051916533,0.002913718785135,-0.0600499810787414,0.0045173355354637,-0.0442369887566504,0.0141675103391085,-0.003225516681974,-0.0012281176851687,-0.0099999999999999,0.02,1.5000000000079734,-2.083686828613281,68.0,6.0,0.4150230047698445,-0.0185063510806993,-0.0078151293725995,-0.010523125426935,0.1816003284989771,94.39729309082033,186.1332855224609
2021-03-08,0.0544575917470069,0.00343603650987,0.0290067390107659,-0.0600499810787414,0.0136238398046155,-0.0065038640033157,-0.0044264753352146,-0.0032767694445396,0.0,0.04,0.8660254037878413,4.788200378417969,68.0,0.0,0.5400617248673242,-0.001185308128537,0.028195269842032,0.0036165839851676,0.0360541434882095,96.7392807006836,190.59426879882807
2021-03-15,-0.0030462880548499,0.0019143026099656,0.0088200051916533,0.0290067390107659,0.0045173355354637,0.0061942825087725,0.0080585887176711,0.0020001353866629,0.0,-0.03,0.5000000000025513,-0.1539993286132812,68.0,0.0,0.7020086124500384,0.0545076316696317,0.0331112354197131,-0.0014099645574138,-0.0498865538404315,95.42021942138672,199.6599884033203
2021-04-05,-0.0070958688948364,0.0009288470873048,0.0021857671199657,-0.0030462880548499,0.0088200051916533,0.0136238398046155,0.0176586112751859,0.0041696895288832,0.0,0.03,1.5000000000039138,3.161903381347656,70.0,2.0,1.079059812401603,0.0901386029670194,0.0498099695650038,0.0476518474984046,-0.1933301061745086,101.557861328125,207.774169921875
2021-04-12,0.0084297948108868,0.0018948123836251,0.0170373742886207,0.0021857671199657,0.0544575917470069,0.0045173355354637,0.002270246114725,0.0030621769119158,0.0,0.0099999999999999,0.866025403786109,1.874916076660156,70.0,0.0,0.90258250172149,0.0478327833489504,0.1128457776051798,0.0748347223014964,-0.2243437036648587,106.18798828125,209.2102813720703
2021-04-19,0.0140968242140305,0.004243708666611,-0.0070958688948364,0.0170373742886207,-0.0030462880548499,-0.0600499810787414,0.0051392668311592,0.0019707767269917,0.0,-0.0199999999999999,0.5000000000012673,-0.9880599975585938,70.0,0.0,1.2076147288492676,0.0416056662438812,0.069699773852293,0.0524269407095165,-0.0811241058924326,105.48809814453124,210.5567169189453
2021-05-03,-0.0051712550972537,0.0009905948364589,0.0140968242140305,0.0084297948108868,0.0170373742886207,0.0088200051916533,0.0026479080568122,0.0052933479989278,-0.01,-0.0199999999999999,1.5000000000036855,-0.6265945434570312,74.0,4.0,2.1442311612155094,0.014515130257813,0.0102489656979525,0.0258329538832098,0.0,102.59872436523438,210.7900390625
2021-05-10,-0.0024618827771679,-0.0006860035730571,-0.004839117902832,0.0140968242140305,-0.0070958688948364,0.0544575917470069,0.0031290615062079,0.0044859654462013,0.0,0.0,0.8660254037860035,-3.3160934448242188,74.0,0.0,1.502191381738209,-0.0058348142213385,-0.0603346449904127,-0.0016298557937357,0.1575384286733774,99.78117370605467,207.9895782470703
2021-05-17,0.0042576938280197,-0.0003904094719681,-0.0051712550972537,-0.004839117902832,0.0084297948108868,-0.0030462880548499,0.0004061421091942,0.0092849736379991,0.0,0.0,0.5000000000011834,-1.0555419921875,74.0,0.0,1.1576657001992423,-0.0142383041724987,-0.0527281019627762,-0.0043192996439966,0.1627235837991374,99.92591094970705,207.55874633789065
2021-06-07,-0.0256311070495146,0.0028029167917866,0.0071788777530791,0.0042576938280197,-0.0051712550972537,-0.0070958688948364,0.0058003223763433,0.0037332099990921,0.02,0.0199999999999999,1.5000000000020304,1.0507431030273438,71.0,-3.0,-0.845205289072663,0.0281310604912916,0.0162575759730576,0.0185557984208608,-0.1679957436008249,101.40337371826172,213.84054565429688
2021-06-14,0.0069163998283939,0.0020907811139987,0.0142266007014424,0.0071788777530791,-0.0024618827771679,0.0084297948108868,8.016308256687116e-06,0.0018511417495367,0.0,0.0,0.8660254037852875,-0.506103515625,71.0,0.0,-0.9985454537756115,-0.0015214771914426,-0.0109988258054654,-4.807600079703711e-05,0.0272953426710431,98.82684326171876,207.24295043945312
2021-06-21,0.0023325518923806,0.0028022085678166,-0.0256311070495146,0.0142266007014424,0.0042576938280197,0.0140968242140305,0.0006726928083502,0.0022453611419057,0.0,0.11,0.5000000000006699,2.7810821533203125,71.0,0.0,-1.2076147288492196,-0.0007968191195886,-0.0073762117097994,0.018963958392747,-0.0680191126345116,101.83580780029295,209.77008056640625
2021-07-05,-0.0058314560784471,0.0034322949600173,0.0023325518923806,0.0069163998283939,0.0142266007014424,-0.0051712550972537,-0.0028192995916955,0.0020366947636185,0.02,-0.01,1.5000000000064202,0.6516342163085938,69.0,-2.0,-1.5251245933122528,-0.0052757000122876,0.0436212295661855,0.0297774636341341,0.0338658593970804,105.82671356201172,212.7123870849609
2021-07-12,0.0234469648529518,0.0030067872127774,0.0051049569619577,0.0023325518923806,-0.0256311070495146,-0.0024618827771679,0.0021306131510712,0.0008482571895073,0.0,-0.0099999999999999,0.8660254037871861,-2.16253662109375,69.0,0.0,-1.178857871990119,0.0223413204981872,0.0823157137042907,0.0429748071993123,-0.1086956481677199,106.96184539794922,211.8730316162109
2021-07-19,0.0056911421515566,0.0031759377667861,-0.0058314560784471,0.0051049569619577,0.0069163998283939,0.0042576938280197,0.0062632544072107,0.0016274355760841,0.0,-0.02,0.5000000000021539,2.5390548706054688,69.0,0.0,-0.964381380233456,0.0453489989301323,0.1143843456719497,0.0312464488617494,0.1011524256694205,113.4842300415039,219.282943725586
2021-08-02,0.0148631749464264,0.0029021490568532,0.0056911421515566,0.0234469648529518,0.0051049569619577,0.0142266007014424,0.0002462354764723,0.0010757527537067,-0.01,-0.0499999999999999,1.5000000000158162,0.2799758911132812,75.0,6.0,2.173706511928497,0.0024609910289712,0.0134503705197903,0.0160039623066323,-0.0018541833176548,107.2501220703125,213.23587036132807
2021-08-09,0.0017900964666881,0.0031477624715544,-0.022321709020172,0.0056911421515566,-0.0058314560784471,-0.0256311070495146,0.0054198932326907,0.0025195075640062,0.0,0.06,0.8660254037912326,0.2654876708984375,75.0,0.0,1.5275252316519845,0.0173376743236071,-0.0165922915770755,0.0338017013203422,-0.1626016709820643,105.18710327148438,215.54641723632807
2021-08-16,-0.0052433134651235,-0.000260665334878,0.0148631749464264,-0.022321709020172,0.0234469648529518,0.0069163998283939,5.676136124817071e-06,0.0023138744505619,0.0,-0.02,0.5000000000051877,-1.9018630981445312,75.0,0.0,1.176037633806456,-0.0183979780845038,-0.0864896244303629,0.0077737417742413,0.0790696885277641,103.66902160644533,215.2485809326172
2021-09-06,0.0251610404279942,0.0029387355491419,0.0013406271105817,-0.0052433134651235,0.0148631749464264,-0.0058314560784471,5.617516986445789e-05,0.0025355605178755,-0.0099999999999999,0.0099999999999999,1.5000000000066562,-0.2992706298828125,75.0,0.0,0.5400617248673364,0.0069978514871464,0.0260635969143294,-0.0010762619461808,0.3559871211374414,107.92865753173828,217.0547790527344
2021-09-13,0.0148162852478659,0.0010410907240897,0.0023372905673114,0.0013406271105817,0.0017900964666881,0.0234469648529518,0.0058989111601909,0.0040559472345088,0.0,0.0,0.8660254037872572,0.5840606689453125,75.0,0.0,0.3535533905932909,0.0223463869324072,-0.0106428371989445,-0.0044207695531074,0.121228451764169,102.56568908691406,220.05860900878903
2021-10-04,-0.022471406032335,0.000323711998353,-0.0118247994979607,0.0148162852478659,0.0023372905673114,0.0148631749464264,0.0127581926716305,0.0060780870247285,0.0,-0.0399999999999999,1.500000000001387,0.8846664428710938,69.0,-6.0,-2.4748737341530367,0.0356216865325325,-0.0680409361375752,-0.0138680581737835,-0.1040572900136691,100.58509063720705,224.78663635253903
2021-10-11,-0.0218595139039742,0.0017873444382257,0.0228802445086228,-0.0118247994979607,0.0251610404279942,0.0017900964666881,0.0008500810565482,0.0022515561176213,0.0,0.0499999999999999,0.8660254037850416,3.084266662597656,69.0,0.0,-1.6201851746020093,-0.0009896849628834,-0.0172824913768669,0.013362943822607,-0.2167227460175045,100.79309844970705,219.8408203125
2021-10-18,0.0373171136032625,0.0044628735029743,-0.022471406032335,0.0228802445086228,0.0148162852478659,-0.0052433134651235,-0.0083188687314118,-4.433188700622993e-05,0.0,0.12,0.5000000000004623,1.808044433593764,69.0,0.0,-1.2076147288491443,-0.0323837005791001,0.0038559955193033,0.0207473532421011,-0.130704208159111,103.59669494628906,216.3832244873047
2021-11-01,-0.0085862696911337,0.0012055258178663,0.0373171136032625,-0.0218595139039742,0.0228802445086228,0.0023372905673114,0.004169854752193,0.0056614075312293,0.0,0.03,1.500000000001753,4.8874588012695455,93.0,24.0,2.304227857530047,0.0283004235040866,0.051159942259829,0.0700453823439251,-0.1220032423909798,105.73101806640624,231.148193359375
2021-11-08,0.0057859072202845,0.0021663022150031,0.023693225341819,0.0373171136032625,-0.022471406032335,0.0251610404279942,0.0076411388374934,0.0047967103514108,0.0,-0.0499999999999999,0.8660254037851862,-3.611198425292983,93.0,0.0,1.5691428559330065,0.0347574122567375,0.002422650013969,0.0479959885454031,-0.0006133939878028,101.03728485107422,227.4819183349609
2021-11-15,-0.0075246940030321,0.0031667310287341,-0.0085862696911337,0.023693225341819,-0.0218595139039742,0.0148162852478659,0.0145524941185581,0.0057158120751948,0.0,0.08,0.5000000000006154,3.688552856445313,93.0,0.0,1.1901595777994682,0.0566600504862493,-0.0287414941688504,0.0348030589350663,0.1607258258708166,100.61917114257812,228.6435089111328
2021-12-06,0.0035531348362042,0.0043331554349877,-0.0036956224646411,-0.0075246940030321,-0.0085862696911337,-0.022471406032335,0.01297980286894,0.0071570075876605,0.0,0.14,1.500000000002527,2.581512451171861,85.0,-8.0,-0.0921691143012019,0.0629073623975442,0.0493493282078694,0.0074261912703135,0.1473296183944739,106.02340698242188,241.79220581054688
2021-12-13,0.0084235264081972,0.0005506222981161,0.057353620723149,-0.0036956224646411,0.0057859072202845,-0.0218595139039742,0.0124216097729199,0.0062184117200221,0.0,0.01,0.8660254037855548,-4.689254760742188,85.0,0.0,-0.3535533905932758,0.0444565577984168,-0.0194079535008002,-0.0192367613149058,0.2043551020990632,98.6663589477539,238.80821228027344
2021-12-20,-0.001200704548466,0.0018567381239059,0.0035531348362042,0.057353620723149,-0.0075246940030321,0.0373171136032625,0.0164086648757273,0.0079057722122019,0.0,-0.01,0.500000000000876,3.8190689086914062,85.0,0.0,-1.2076147288491528,0.0696549822008887,0.0154527819349346,0.0289415700984114,-0.3724668568195008,102.06332397460938,242.6864776611328
2022-01-03,-0.0193903327379985,-0.000333566602953,-0.001200704548466,0.0084235264081972,0.057353620723149,-0.0085862696911337,0.0060506318837538,0.0088905245300624,0.0,0.02,1.5000000000035645,-2.401397705078139,73.0,-12.0,-2.002945943561698,0.0078874958081152,-0.0784716515431721,-0.0063994881671217,0.0037453019167477,97.70357513427734,243.6993408203125
2022-01-10,-0.0034454886629155,-0.000468653937537,0.0134265708390801,-0.001200704548466,0.0035531348362042,0.0057859072202845,0.0003147649902031,0.009096289627227,0.0,0.14,0.8660254037859904,-1.4330749511718608,73.0,0.0,-1.4408262879878648,-0.0152463158607677,-0.0783393055440534,0.0140966516635478,-0.1103383956624575,90.93690490722656,235.16726684570312
2022-01-17,0.0038913499932282,-0.0008293110619718,-0.0193903327379985,0.0134265708390801,0.0084235264081972,-0.0075246940030321,-0.002652488777575,0.0056994061050455,0.0,0.0699999999999999,0.5000000000012446,-7.794860839843764,73.0,0.0,-1.127266003752484,-0.042714792312034,-0.1429207564500894,-0.0693157997663257,0.6063475418777742,87.47635650634766,232.32017517089844
2022-02-07,-0.0180621437558061,0.0021252884501014,0.020354653299404,0.0038913499932282,-0.0193903327379985,0.0035531348362042,0.0012177581042706,0.0046513776224646,0.0,0.1200000000000001,1.5000000000028748,-1.8978729248046875,64.0,-9.0,-1.5584063536306332,-0.0098949371791525,-0.0638233074777491,-0.0522034651967207,0.4257425663847254,85.13301086425781,232.84030151367188
2022-02-14,-0.0025408435292087,0.0024676067097308,-0.015929482212634,0.020354653299404,-0.0034454886629155,0.0084235264081972,-0.0024364056689519,0.0037732568097334,0.0,0.28,0.866025403785669,-0.2324066162109375,64.0,0.0,-1.2570695607630584,-0.0156722988361176,-0.0259239273726046,-0.0085619586164288,-0.0381282622850935,85.20862579345703,228.6791839599609
2022-02-21,-0.0470146054849539,-0.0006308617838277,-0.0180621437558061,-0.015929482212634,0.0038913499932282,-0.001200704548466,-0.0040444540495612,0.0038694883876861,0.0,-0.1100000000000001,0.5000000000009662,-1.8446197509765625,64.0,0.0,-1.2076147288491277,-0.0259283684534942,-0.0427999338105712,-0.0095033805316806,-0.0025307192773093,84.51483154296875,227.6297912597656
2022-03-07,0.0261356161674329,0.0048721862528594,-0.0470146054849539,-0.0025408435292087,-0.015929482212634,-0.0193903327379985,-0.0192071529263812,-0.0058915432773024,0.12,0.1100000000000001,1.5000000000014544,-2.3626708984375,66.0,2.0,-0.3609519962714381,-0.1059253096218192,-0.1128831746478978,-0.046292537897682,0.1239034836996986,75.5229263305664,208.17662048339844
2022-03-14,0.0188352616213967,0.0054992746903918,-0.0092110189355562,-0.0470146054849539,-0.0180621437558061,-0.0034454886629155,-0.0081577129455715,-0.0044155357973661,0.0,0.32,0.8660254037851018,7.339767456054687,66.0,0.0,-0.1896283315055782,-0.0413044376157315,-0.0400687113224601,0.0236969591193971,-0.1398197895771747,81.79442596435547,219.2337188720703
2022-03-21,0.0165185342940786,0.0031028813597496,0.0261356161674329,-0.0092110189355562,-0.0025408435292087,0.0038913499932282,-0.0028136866579201,-0.0027458719498775,0.0,0.27,0.5000000000005347,0.7165451049804688,66.0,0.0,0.0410601326033261,-0.026161979672,-0.0554116405754063,0.0373417639199142,-0.245741234111938,79.83172607421875,221.674545288086
2022-04-04,0.0031539265062197,0.0001973090901,0.0165185342940786,0.0188352616213967,-0.0092110189355562,-0.015929482212634,0.0250507874178675,0.0023537975319189,0.13,0.08,1.500000000011955,-2.7881393432617188,63.0,-3.0,-1.504304169535851,0.1083879038013677,-0.0146261100051005,0.0687753102937487,-0.3118699236613947,74.41831970214844,230.74044799804688
2022-04-11,0.0042011182641562,-0.0006330961055267,0.0387137375885619,0.0165185342940786,0.0261356161674329,-0.0180621437558061,0.0193053650025642,0.0029037487960135,0.0,0.0699999999999998,0.8660254037897092,-0.5236968994140625,63.0,0.0,-1.2601440246904585,0.0485099877844061,-0.1127231248622441,-0.0120803930587182,-0.0490155021013195,72.57430267333984,229.8687438964844
2022-04-18,0.007760646159364,-0.0005550897896146,0.0031539265062197,0.0387137375885619,0.0188352616213967,-0.0025408435292087,0.0156468291632541,0.0029295628185909,0.0,-0.04,0.5000000000041296,-1.2510147094726562,63.0,0.0,-1.0790598124016202,0.0355575428752714,-0.1089763242538206,-0.0588703741877533,0.3555982608572914,71.1319580078125,229.55674743652344
2022-05-02,-0.0195403686888373,0.000203175587476,0.007760646159364,0.0042011182641562,0.0387137375885619,-0.0092110189355562,0.0036460816723073,0.0031632387212645,0.44,0.1,1.500000000002243,-2.2935562133789062,65.0,2.0,0.415023004769853,-0.0027041743558937,-0.0613344585970413,-0.0809482120394091,0.426748617758137,69.85391235351562,230.11648559570312
2022-05-09,-0.0389969663427226,-0.0005286554954,-0.0005313642405106,0.007760646159364,0.0031539265062197,0.0261356161674329,-0.0020274921264569,0.0030400533101786,0.0,-0.1200000000000001,0.8660254037854409,-2.826934814453125,65.0,0.0,0.5400617248673368,-0.02183558121853,-0.0490565057888817,-0.082390905698149,0.271806161626533,69.0140609741211,224.84942626953125
2022-05-16,0.0621953085378485,0.0002419992462774,-0.0195403686888373,-0.0005313642405106,0.0042011182641562,0.0188352616213967,-0.0128270132781766,2.0430757191296453e-06,0.0,-0.0299999999999998,0.5000000000008232,-5.7751312255859375,65.0,0.0,0.7020086124500583,-0.0649958778218707,-0.0515028410212231,-0.0854614308034817,0.0432471201806823,67.46846008300781,214.63650512695312
2022-06-06,0.0032636831791406,0.0039054233850632,-0.0234431340130293,0.0621953085378485,-0.0195403686888373,0.0031539265062197,-0.0063456476431959,0.0036440750776371,0.4399999999999999,0.2599999999999998,1.5000000000013562,-4.136177062988281,69.0,4.0,2.160246899469328,-0.0258913503584351,0.0079757359511491,-0.0296725724278551,-0.0387946244085782,69.56449890136719,219.0277709960937
2022-06-13,0.0279797103303168,0.002722442715661,-0.0251377987548805,-0.0234431340130293,-0.0389969663427226,0.0042011182641562,0.0042195147372698,0.0023464435407824,0.0,0.6699999999999999,0.8660254037850672,-4.058586120605469,69.0,0.0,1.5320646925708796,0.007562764024217,-0.0207112200909487,-0.0610065987980651,0.0577641467197622,66.07110595703125,216.2597503662109
2022-06-20,0.0153239082584568,0.0001185566681026,0.0032636831791406,-0.0251377987548805,0.0621953085378485,0.007760646159364,-0.004334384814613,0.0033015415438022,0.0,-0.2299999999999999,0.5000000000004968,5.280525207519531,69.0,0.0,1.207614728849145,-0.010307292244703,0.0182504597396981,-0.0565788348868436,0.0587091862050637,71.8076171875,228.7344665527344
2022-07-04,0.0054954000455691,0.0018447656762777,0.0153239082584568,0.0279797103303168,-0.0251377987548805,-0.0195403686888373,0.0118966451809512,0.0011745018037661,0.47,-0.2400000000000002,-1.500000001311265,3.0910797119140625,72.0,3.0,1.5940514420808656,0.0668126215845896,0.0477071730315055,0.0014085754951465,-0.1120720940667228,72.88322448730469,233.66159057617188
2022-07-11,-0.020296543957797,0.0032060184431608,0.0010192789558905,0.0153239082584568,0.0032636831791406,-0.0389969663427226,0.0124545743975583,0.0012823586188838,0.0,0.2299999999999999,-0.8660254043520778,-0.7436141967773438,72.0,0.0,1.2221648287718494,0.0880193813515595,0.107833514548147,0.0572178205307776,-0.2216511341004596,73.19578552246094,235.2947998046875
2022-07-18,0.0321621850105086,0.0016564507041291,0.0054954000455691,0.0010192789558905,0.0279797103303168,0.0621953085378485,0.0003855108255298,-0.0010557405575462,0.0,0.08,-0.500000000435653,4.816452026367188,72.0,0.0,0.995089825973282,0.0245663507877269,0.0701574845983326,0.0128435201888017,-0.1542416058096594,76.845458984375,234.3536376953125
2022-08-01,0.0014979846569578,0.0027520742779782,0.0321621850105086,-0.020296543957797,0.0010192789558905,-0.0251377987548805,-0.0005063710571217,0.0016815421602111,0.6500000000000001,-0.1,1.5000000004627805,0.7193145751953125,66.0,-6.0,-1.8480591388387373,0.0236537047729787,0.0813573817511867,0.0638072270944776,-0.1416396046090955,78.81281280517578,239.1885528564453
2022-08-08,0.0199456783452178,0.0040423167659915,-0.0193865253267677,0.0321621850105086,0.0054954000455691,0.0032636831791406,-0.0015057249042745,0.0050561214101845,0.0,0.31,0.86602540398505,2.7216720581054688,66.0,0.0,-1.410190187044445,0.0281166100745249,0.1091432092707067,0.1089758938055327,-0.1939743683196549,81.18460845947266,241.91049194335932
2022-08-15,-0.0249010139177847,-0.0003672330178403,0.0014979846569578,-0.0193865253267677,-0.020296543957797,0.0279797103303168,0.0085548306714791,0.0015353188941319,0.0,-0.0099999999999997,0.5000000001546229,-1.1566848754882812,66.0,0.0,-1.1351812029964226,0.0494114697954239,0.045762094967896,0.0684653753124866,-0.1055145563493132,80.36206817626953,245.9333953857422
2022-09-05,-0.0278090867552318,0.0021448705891581,-0.0049866655400912,-0.0249010139177847,0.0014979846569578,0.0054954000455691,-0.0020216076194308,0.0029757472912843,0.2299999999999999,-0.02,1.5000000000145155,4.369300842285156,67.0,1.0,-0.2295884216886722,-0.0047276225592195,0.0100254402088368,-0.047998013791767,0.1669226889024639,81.99851989746094,240.766830444336
2022-09-12,-0.0080384395545702,0.0045015449130389,0.0018555706349348,-0.0049866655400912,0.0199456783452178,-0.020296543957797,-0.0139602988945432,-0.0016733191325114,0.0,0.1800000000000001,0.8660254037907583,-3.1785430908203125,67.0,0.0,0.0,-0.0383983462438415,0.050506127425268,-0.0866535495576285,0.2766989684484728,84.42084503173828,236.48995971679688
2022-09-19,-0.0622081475534456,0.0035465187324889,-0.0278090867552318,0.0018555706349348,-0.0249010139177847,0.0321621850105086,-0.0097446553037396,-0.0036201814502636,0.0,0.3700000000000001,0.5000000000048912,-5.59893798828125,67.0,0.0,1.2076147288495385,-0.0375706222688818,0.0013085776232442,-0.0884470741084273,0.1705790571772538,77.81954193115234,228.1774139404297
2022-10-03,0.0453651150942524,0.0057047201897401,-0.0622081475534456,-0.0080384395545702,0.0018555706349348,0.0014979846569578,-0.0246926303663755,-0.0094066542966936,0.52,-0.1499999999999994,1.5000000000096974,-0.8766632080078125,68.0,1.0,1.7677669529667168,-0.1014564708111691,-0.0187169173712353,-0.1040818557384958,0.3760420952412195,80.46376037597656,216.3394775390625
2022-10-10,0.0374547375468844,0.0017435078703216,-0.0007148476022542,-0.0622081475534456,-0.0278090867552318,0.0199456783452178,-0.0063990799040044,-0.0039348493756895,0.0,0.1799999999999997,0.8660254037886693,-2.6202468872070312,68.0,0.0,1.322875655532533,-0.0460946616747338,-0.054101373051336,-0.0686300579954242,0.2174905470203514,79.85356140136719,225.5890350341797
2022-10-17,0.0850549376487964,0.0055201206856753,0.0453651150942524,-0.0007148476022542,-0.0080384395545702,-0.0249010139177847,0.0049742143713592,-0.0034938033309915,0.0,0.1500000000000003,0.5000000000032843,3.4725570678710938,68.0,0.0,1.060660171780046,0.034966682459717,0.0527502893883047,0.0172303768465438,-0.0076871504562113,81.92454528808594,236.1560211181641
2022-11-07,0.0031745410500789,0.0060008429391715,-0.0203654834441346,0.0850549376487964,0.0453651150942524,-0.0278090867552318,0.0172764767694417,-0.0010276340097019,0.6999999999999997,0.2099999999999999,1.5000000000454303,3.69659423828125,81.0,13.0,2.463506703190408,0.1160964172366951,0.1274747610629885,0.1143083422034711,-0.2966895647778356,90.03287506103516,251.77911376953125
2022-11-14,0.0001485465276477,5.871708314666773e-05,-0.0330382846737795,-0.0203654834441346,0.0374547375468844,-0.0080384395545702,0.0087064276452403,0.0013119955709533,0.0,-0.3199999999999994,0.8660254038041866,-1.9968414306640625,81.0,0.0,1.617595362884643,0.0739342009202077,0.1117588410668863,0.0580835057283282,-0.2212866142352447,91.08033752441406,253.61602783203125
2022-11-21,-0.0244942733746559,0.004400959467483,0.0031745410500789,-0.0330382846737795,0.0850549376487964,-0.0622081475534456,-0.0125201701350468,0.0017399299099315,0.0,0.08,0.5000000000152538,0.7987442016601562,81.0,0.0,1.2076147288491257,0.0017483176314667,0.1496234780239331,0.0342141754331815,-0.2038834951456311,92.57742309570312,255.12823486328125
2022-12-05,-0.0124353225854196,0.0018872118350659,-0.0244942733746559,0.0001485465276477,-0.0330382846737795,0.0453651150942524,-0.002723204409035,0.002718064152134,0.3199999999999998,-0.0499999999999998,1.5000000024403468,-3.1803436279296875,78.0,-3.0,0.346300242373611,0.0080403156346595,0.051294027882373,-0.0131239671531768,0.0137655177460491,94.6510238647461,253.80349731445312
2022-12-12,0.0072559987067286,0.00049846792817,0.0102783681607891,-0.0244942733746559,0.0031745410500789,0.0374547375468844,-0.0066256703179096,0.0023516572328966,0.0,-0.0200000000000004,0.8660254048417757,-2.688438415527344,78.0,0.0,0.1752191610126171,-0.021038169831141,0.0089840227265987,-0.0322197820656763,-0.0216262967928412,91.89860534667967,248.2804107666016
2022-12-19,-0.0181230748400159,-0.0021277887932698,-0.0124353225854196,0.0102783681607891,0.0001485465276477,0.0850549376487964,-0.0048488072731394,0.0081403360879111,0.0,-0.1399999999999996,0.5000000008134015,-2.18191146850586,78.0,0.0,-0.056822374887213,-0.0215382291141599,-0.0129571459699228,-0.0438985611793391,0.0180488214260194,91.3778839111328,249.6332244873047
2023-01-02,-0.0037995318219632,0.0057613819261426,-0.0181230748400159,0.0072559987067286,0.0102783681607891,-0.0330382846737795,-0.0065306063745978,0.0026742219952696,0.2300000000000004,0.1000000000000005,1.5000000000090403,1.4211540222167969,61.0,-17.0,-2.412090756622124,-0.0094469721099873,0.048138339054041,-0.0086909069710071,-0.0744634589846938,99.20736694335938,251.40582275390625
2023-01-09,0.0054626515311455,0.0027707514669563,-0.0028200267796843,-0.0181230748400159,-0.0124353225854196,0.0031745410500789,-0.0043716586837337,-0.0007636337854676,0.0,-0.2199999999999997,0.8660254037883582,3.726264953613281,61.0,0.0,-1.6005458406280728,0.0104089376973757,0.0849946543615978,0.0445115470614831,-0.1887710123492808,99.7094955444336,250.86474609375
2023-01-16,0.0021587866042779,0.0043097571798253,-0.0037995318219632,-0.0028200267796843,0.0072559987067286,0.0001485465276477,-0.0048199954776294,-0.0073963242952719,0.0,0.0299999999999993,0.5000000000030767,-0.35162353515625,61.0,0.0,-1.200198396297961,0.0037744584141174,0.0688918218978547,0.0338722021370569,-0.0488740017607559,97.6730728149414,250.5754547119141
2023-02-06,0.0271496366537192,0.0050001143878467,-0.015497843231332,0.0021587866042779,-0.0037995318219632,-0.0124353225854196,-0.0059069653612132,-0.0056347647876188,0.2400000000000002,0.1900000000000004,1.5000000000243308,-1.5627975463867188,61.0,0.0,-0.5400617248673223,-0.0240619726492932,-0.0013055964045942,0.0239397757197934,0.1188011040793872,99.57931518554688,244.8284454345703
2023-02-13,-0.0060922518841927,0.002892070307745,-0.0157514563489446,-0.015497843231332,0.0054626515311455,0.0072559987067286,-0.0004852190805698,-0.0033846739437795,0.0,0.0799999999999991,0.8660254037950708,1.1818466186523438,61.0,0.0,-0.3535533905932742,0.0052499395160539,0.0247207414660208,0.0287462555674746,0.0085642354169748,100.0876235961914,251.89096069335932
2023-03-06,0.0217278066996155,0.0014212300192136,0.0110637975264855,-0.0060922518841927,-0.0157514563489446,-0.0037995318219632,0.0068358215324986,-0.0011476008374827,0.08,0.1099999999999994,1.5000000009341443,-3.9606704711914062,59.0,-2.0,-2.4748737341529474,0.0042790695239418,-0.0673455377925016,-0.0542351102463034,0.2079882322260522,92.8730926513672,245.87608337402344
2023-03-13,0.0165365168682387,-0.0022925557258968,-0.0047778961660172,0.0110637975264855,0.0271496366537192,0.0054626515311455,0.0054803640439727,5.8383161924466125e-05,0.0,-0.8599999999999994,0.8660254041890949,1.5334625244140625,59.0,0.0,-1.6201851746019695,-0.0046194779404751,-0.0784315653588754,-0.0424055180732911,0.2742257565228561,92.2375946044922,250.72735595703125
2023-03-20,0.0131330159950283,-0.0006575530733547,0.0217278066996155,-0.0047778961660172,-0.0060922518841927,0.0021587866042779,0.0111375562320806,0.0029466824709456,0.0,-0.1100000000000003,0.5000000003126013,0.117218017578125,59.0,0.0,-1.207614728849118,0.0349536624100708,-0.032086727269367,0.002221066245958,0.003230258171563,91.90117645263672,254.6027069091797
2023-04-03,0.0117597577622753,0.0004433728542504,0.0131330159950283,0.0165365168682387,-0.0047778961660172,-0.0157514563489446,0.0153049433984087,0.0054112665232313,0.1799999999999997,0.0300000000000002,1.500000000017811,-2.2582550048828125,64.0,5.0,2.050609665440988,0.0796092898387617,0.0533306246201652,0.0643718784339737,-0.2580645086862041,97.8260726928711,265.4501037597656
2023-04-10,0.008189654522484,-0.0001544343778003,0.0098224340307525,0.0131330159950283,0.0217278066996155,0.0271496366537192,0.0128129311640737,0.0059360253758255,0.0,0.0299999999999998,0.8660254037921392,0.9650344848632812,64.0,0.0,1.4856276627199736,0.0815121142905273,0.0888552350806457,0.0616533008584396,-0.3308506647719291,100.43338775634766,271.1646728515625
2023-04-17,-0.0082249689467055,0.001290397597723,0.0117597577622753,0.0098224340307525,0.0165365168682387,-0.0060922518841927,0.010726215577635,0.0064385977023427,0.0,0.1799999999999997,0.5000000000058746,0.2302398681640625,64.0,0.0,1.1616754262350446,0.0764015507223785,0.1001629548075819,0.0415667444371501,-0.2286108263881949,101.10626983642578,274.05474853515625
2023-05-01,0.001911347304362,-0.0004171575442952,-0.0082249689467055,0.008189654522484,0.0098224340307525,-0.0047778961660172,0.0090117820632133,0.0103841823313736,0.2299999999999995,0.0199999999999995,1.5000000001245744,-0.3282089233398437,65.0,1.0,1.0138602573132216,0.0484637805521994,0.0241689081463727,0.0084067275089465,-0.0657608211716536,100.19042205810548,278.3148193359375
2023-05-08,-0.0017342634389173,-0.0018275290771023,0.0243226849147994,-0.0082249689467055,0.0117597577622753,0.0217278066996155,0.006549679448735,0.0082809915522605,0.0,-0.1399999999999996,0.8660254038382914,0.3135223388671875,65.0,0.0,0.7977240352174712,0.0247768167639859,-0.0125613747487941,-0.0021092360901768,-0.0023432342644293,99.17180633544922,277.8832702636719
2023-05-15,-0.0119805633318812,2.103565540631752e-05,0.001911347304362,0.0243226849147994,0.008189654522484,0.0165365168682387,0.0040686999583846,0.0086441572560334,0.0,-0.0099999999999997,0.5000000000413145,1.8222732543945312,65.0,0.0,0.6306562238869005,0.0119495879056941,-0.0199153333095385,0.0155750751978662,0.0023851524798375,99.09270477294922,277.32958984375
2023-06-05,0.0121016478339585,-0.0002311418465707,0.0104362468265586,-0.0119805633318812,0.001911347304362,0.0117597577622753,-0.001051078821488,0.0061038439304402,0.0200000000000004,-0.08,1.5000000000424625,2.0574188232421875,64.0,-1.0,-1.2076147288494392,-0.0264325153566252,-0.0722976783660638,0.0444860303411558,-0.1879037365775804,92.00191497802734,270.5381164550781
2023-06-12,-0.003638564745547,0.0011536714482901,-0.0009257353417122,0.0104362468265586,-0.0017342634389173,0.008189654522484,0.0024078989967309,0.0057342715109168,0.0,0.0899999999999998,0.8660254038027732,2.5374755859375,64.0,0.0,-1.2076147288494392,-0.0009846453428079,-0.0344992589087439,0.0497824479215081,-0.1945270439011306,95.67407989501952,277.0565185546875
2023-06-19,0.0273711244692188,0.0012474208234131,0.0121016478339585,-0.0009257353417122,-0.0119805633318812,-0.0082249689467055,0.0044933986433144,0.0043366397825356,0.0,0.1500000000000003,0.5000000000141763,-0.4555740356445312,64.0,0.0,-1.2076147288494392,0.0189093389804011,-0.0019284296201512,0.0352344348906918,-0.2512535370955385,92.35877990722656,273.4812927246094
2023-07-03,-0.0057937471008371,0.0018227806242228,0.0273711244692188,-0.003638564745547,-0.0009257353417122,0.001911347304362,0.0057558122282347,0.0037514709518272,0.04,0.29,1.5000000000969975,-0.215972900390625,64.0,0.0,-0.7245688373096533,0.0185151866448174,-0.0194979216552125,0.0239103110094243,0.0723065802976539,90.20806884765624,275.54718017578125
2023-07-10,-0.001071583763557,0.0023466980181799,-0.0128109586446915,0.0273711244692188,0.0121016478339585,-0.0017342634389173,0.0012819634945357,0.0025861874832171,0.0,-0.0900000000000007,0.8660254038265075,2.7241744995117188,64.0,0.0,-0.5400617248674849,0.0042221323404036,-0.002552193574692,0.0261432604260261,-0.0147710346993062,95.42990112304688,278.2262878417969
2023-07-17,-0.0011115945023668,0.0005096838155583,-0.0057937471008371,-0.0128109586446915,-0.003638564745547,-0.0119805633318812,0.0019237087400332,0.0031823029151461,0.0,-0.1099999999999994,0.5000000000323418,-1.9339141845703125,64.0,0.0,-0.3535533905934523,0.0196614716281486,0.0455564963467471,0.0437894095911308,0.0119048218810928,96.56632232666016,278.8583374023437
2023-08-07,-0.014388628908342,0.0020103962445473,-0.0222489438238314,-0.0011115945023668,-0.0057937471008371,0.0121016478339585,-0.0049315958596411,-0.0004139111227914,0.2099999999999999,-0.1200000000000001,1.5000000000111244,-0.8982391357421875,67.0,3.0,2.474873734153064,-0.0214279626702836,-0.0061017631010984,-0.0080796930660647,0.1124437768247708,94.8476104736328,272.26446533203125
2023-08-14,0.0150269196945807,0.0023998068678531,0.0047057386511906,-0.0222489438238314,-0.001071583763557,-0.003638564745547,-0.0082608571458374,-0.0006145832541632,0.0,0.2000000000000001,0.8660254037892693,-3.465362548828125,67.0,0.0,1.6201851746020266,-0.0469199343812343,-0.0493244090430848,-0.0346765001676164,0.272058731750636,91.8032455444336,265.7743225097656
2023-08-21,-0.0198022964979498,0.001955564994217,-0.014388628908342,0.0047057386511906,-0.0011115945023668,0.0273711244692188,-0.0042262285966004,-0.000232027181828,0.0,0.0099999999999997,0.5000000000036615,0.9816970825195312,67.0,0.0,1.20761472884916,-0.0321398117901282,-0.0519589739047382,-0.0370961634708941,0.1762941031447784,90.1509246826172,268.45330810546875
2023-09-04,-0.0062213328723817,0.0029871560255001,-0.0198022964979498,0.0150269196945807,0.0047057386511906,-0.0057937471008371,-0.0031987006107642,-0.0022827776586232,0.0,-0.1100000000000003,1.5000000000165865,-0.4515914916992187,71.0,4.0,1.9378065032111136,-0.0273677412094429,-0.0515092424580507,-0.0002916435967205,-0.0673854440510645,89.96208190917969,264.8132019042969
2023-09-11,-0.0148691475922945,0.0036919522151459,0.0063692032686541,-0.0198022964979498,-0.014388628908342,-0.001071583763557,-0.0011568766017741,-0.0024980083358594,0.0,0.0999999999999996,0.8660254037916489,1.4921875,71.0,0.0,1.4101901870444395,-0.0071490142317743,-0.0102847749512062,0.0157388754773055,-0.2028901404624515,90.85906982421876,263.8742980957031
2023-09-18,-0.0254122641863015,0.0034361096544949,-0.0062213328723817,0.0063692032686541,0.0150269196945807,-0.0011115945023668,-0.008630893423493,-0.0060180310076522,0.0,0.08,0.5000000000054406,-5.330596923828125,71.0,0.0,1.1110055505412129,-0.0382894542689865,-0.0188522393968585,-0.0182552850804408,0.096938802817621,88.45137786865234,258.17437744140625
2023-10-02,0.0041337893436447,0.0072970682980813,-0.0254122641863015,-0.0148691475922945,0.0063692032686541,0.0047057386511906,-0.0271472819327678,-0.0117591928010577,0.0,0.0300000000000002,1.5000000003241685,-0.1819305419921875,65.0,-6.0,-1.5043041695358248,-0.1110235336648689,-0.0255036886709165,-0.0324673497644908,0.2608381915137872,87.66771697998047,235.41270446777344
2023-10-09,0.0319376273356147,0.0059259965888524,-0.0620863830800933,-0.0254122641863015,-0.0062213328723817,-0.014388628908342,-0.0245585013787611,-0.0113254117087909,0.0,-0.04,0.8660254039248299,-0.8064193725585938,65.0,0.0,-1.2601440246904412,-0.1075370031317393,-0.0493610757506038,-0.0233394373561519,0.4010152101717699,86.3741683959961,235.498046875
2023-10-16,-0.0025867481687792,0.0024383524876354,0.0041337893436447,-0.0620863830800933,-0.0148691475922945,0.0150269196945807,-0.0128568076467838,-0.0085713098889591,0.0,0.0099999999999997,0.5000000001080561,-3.5797119140625,65.0,0.0,-1.079059812401608,-0.0518330804134065,0.0054440855172368,-0.0214441027953602,0.2622091931095038,88.93291473388672,244.7924041748047
2023-11-06,0.0236053041588489,0.0039386796043144,0.010400034620264,-0.0025867481687792,0.0041337893436447,-0.0062213328723817,0.0084485367189129,-0.0057556137538741,0.0,-0.1000000000000005,1.5000000001339675,0.580230712890625,82.0,17.0,2.21222289601902,0.0784503939456768,0.140467978979325,0.0211124841219423,-0.2665631314637104,98.50697326660156,253.97296142578125
2023-11-13,0.0335076860858476,0.0061989851369793,-0.0059567669114476,0.010400034620264,0.0319376273356147,-0.0148691475922945,0.0063654559247215,-0.0050407483818517,0.0,0.0899999999999998,0.8660254038424341,2.822479248046875,82.0,0.0,1.5603789952109928,0.0683428584251482,0.1269786297308437,0.0702771482387156,-0.3643481910321752,100.22549438476562,261.522216796875
2023-11-20,0.0241262154582238,0.0031423600313959,0.0236053041588489,-0.0059567669114476,-0.0025867481687792,-0.0254122641863015,0.0153890644883782,-0.0005982498332019,0.0,-0.1299999999999999,0.5000000000446558,0.5408782958984375,82.0,0.0,1.2076147288491232,0.1047075824519527,0.1230687782461339,0.1086489295884505,-0.4141984123183692,97.57673645019533,267.9619140625
2023-12-04,0.0056027397863185,0.0012922783980927,0.0241262154582238,0.0335076860858476,-0.0059567669114476,0.0041337893436447,0.0236815797708498,0.0025238717036672,0.0,-0.2000000000000001,1.50000000006005,1.0326156616210938,74.0,-8.0,-0.0742579457070436,0.0726348822292604,-0.0689075310037419,0.0444611685421711,-0.1284403447441774,91.71910095214844,272.4202575683594
2023-12-11,0.0205057983959684,-0.0001956461969783,0.013487113380479,0.0241262154582238,0.0236053041588489,0.0319376273356147,0.0191809386777172,0.0042298623185516,0.0,0.0700000000000002,0.8660254038105392,2.960151672363281,74.0,0.0,-0.2334074426994507,0.0480191515083621,-0.0835464250078177,0.041127634625047,-0.1101449591851585,91.85201263427734,274.0802917480469
2023-12-18,0.0138924976047052,-0.0025348443305081,0.0056027397863185,0.013487113380479,0.0335076860858476,-0.0025867481687792,0.0159304667552474,0.0080563675337408,0.0,-0.2800000000000002,0.5000000000202262,0.1327590942382812,74.0,0.0,-0.4621706974445439,0.03860612333405,-0.0729712895921977,0.0445210106602973,0.0457463638105244,90.45643615722656,278.306884765625
2024-01-01,0.0193469574895483,-0.0012822545486751,0.0138924976047052,0.0205057983959684,0.013487113380479,-0.0059567669114476,0.0064573770112058,0.0128624978336562,0.0,-0.0799999999999991,1.5000000000227558,-3.049163818359375,65.0,-9.0,-1.838679614799872,0.0121176246408654,-0.0374702436555705,0.020897660484344,0.0809716574179566,88.28236389160156,275.7213439941406
2024-01-08,0.0166963935276158,-0.0018154788876794,-0.0141715277421689,0.0138924976047052,0.0056027397863185,0.0236053041588489,0.0098934314370132,0.011813275346484,0.0,0.1299999999999999,0.8660254037943386,0.6600799560546875,65.0,0.0,-1.3606072757760292,0.0215825231378512,-0.0493022517143334,0.0197785339960707,0.0342019613539783,87.32350158691406,279.9956359863281
2024-01-15,-0.0233827938034,-0.0047857960765649,0.0193469574895483,-0.0141715277421689,0.0205057983959684,0.0335076860858476,0.0089410802199251,0.0134202038211836,0.0,-0.2200000000000006,0.5000000000076613,0.4581069946289062,65.0,0.0,-1.0831482003245736,0.0302709779857799,-0.0149034614997285,0.0185368335890785,0.0207214476820334,89.10832214355469,286.73150634765625
2024-02-05,0.0200950385128738,0.0018031287574892,0.0156650690380167,-0.0233827938034,0.0193469574895483,0.0056027397863185,-0.0079068514230372,0.0070558395638977,0.0,0.1699999999999999,1.500000000017186,1.2708816528320312,50.0,-15.0,-2.070812716332037,-0.0136299077798911,0.0578384866376495,0.0514392041845446,0.0181102755405435,92.37416076660156,276.1793212890625
2024-02-12,0.0117186553873922,-0.0005526322198287,-0.0406060744543815,0.0156650690380167,0.0166963935276158,0.0205057983959684,-0.0070571901767227,0.0059381189328166,0.0,0.0,0.8660254037918586,-0.4334793090820312,50.0,0.0,-1.500886263001994,-0.0283167110455108,-0.000843179127789,0.0354042121622253,0.0706766591656238,89.03318786621094,278.6122131347656
2024-02-19,-0.0155859431701949,-0.0003161922243068,0.0200950385128738,-0.0406060744543815,-0.0233827938034,0.0138924976047052,0.0017181721209753,0.0049041555935806,0.0,0.1799999999999997,0.5000000000057865,1.1182098388671875,50.0,0.0,-1.2076147288491212,0.0187846890507228,0.0365872762747707,0.0419360038894076,0.0369532249366697,91.3253936767578,284.07916259765625
2024-03-04,-0.0426678078441921,-0.0010011850586561,-0.0155859431701949,0.0117186553873922,-0.0406060744543815,0.0193469574895483,0.0087265189972692,0.0035710330037484,0.0,-0.08,1.5000000000223286,-2.320152282714844,55.0,5.0,-0.1680053762580619,0.0163902272790559,-0.0585007878479634,0.0209895528145775,0.1399844874882063,86.97019958496094,280.7059631347656
2024-03-11,0.0104787131496472,0.0001444053161779,0.018678325259006,-0.0155859431701949,0.0200950385128738,0.0166963935276158,-0.0069641925919972,-0.0016934341829315,0.0,-0.1000000000000005,0.8660254037941469,-1.1132736206054688,55.0,0.0,0.0,-0.038667778804357,-0.0332548455589224,0.0206601361075517,0.0119382077967966,86.07240295410156,267.8388977050781
2024-03-18,-0.0046181366200012,0.004240650005526,-0.0426678078441921,0.018678325259006,0.0117186553873922,-0.0233827938034,-0.0072741781514334,-0.0019779162208531,0.0,0.2200000000000006,0.500000000007504,2.300445556640625,55.0,0.0,0.2415229457698242,-0.0453803138696183,-0.0513490916861718,0.0294957830890352,-0.05018178766424,86.63591766357422,271.18756103515625
2024-04-01,0.0097294776185943,0.0056129579906998,-0.0046181366200012,0.0104787131496472,0.018678325259006,-0.0406060744543815,-0.0186302014370651,-0.0059368446209443,0.0,0.1799999999999997,1.5000000000322198,-2.493041992187514,52.0,-3.0,-0.3008608339071589,-0.0883949453875243,-0.0462333054194806,0.016260427133558,0.0875170241220082,82.94927978515625,255.8929748535156
2024-04-08,0.0069835174966977,0.0029267190414066,-0.0377135744337145,-0.0046181366200012,-0.0426678078441921,0.0200950385128738,-0.0055308800713685,-0.0065174209466961,0.0,0.0600000000000005,0.8660254037984602,-0.8540496826171875,52.0,0.0,-0.4409585518441006,-0.0420936712567416,-0.0577007931973264,0.0051139200157932,0.2012491082053054,81.10595703125,256.5645751953125
2024-04-15,0.0016327201848195,0.0005720463810848,0.0097294776185943,-0.0377135744337145,0.0104787131496472,0.0117186553873922,-0.0064046789846059,-0.0039868950050213,0.0,0.1499999999999994,0.5000000000107642,-3.62847900390625,52.0,0.0,-0.6306562238868958,-0.0376462620891501,-0.0341749399390236,-0.0499799262555273,0.4326185668699833,83.67514038085938,260.9783630371094
2024-05-06,-0.0150865392298124,5.618086100432564e-05,0.0318030132054869,0.0016327201848195,0.0097294776185943,-0.0426678078441921,0.0118815922707006,-0.0002044934642217,0.0,-0.1499999999999994,1.5000000017498558,0.0937957763671875,59.0,7.0,2.0996139518002,0.0284603219085564,-0.1037446193672676,0.0195557349031985,-0.2749855240939129,72.691650390625,263.8664855957031
2024-05-13,-0.0567652265470034,0.0011769712851426,0.0071071181957984,0.0318030132054869,0.0069835174966977,0.0104787131496472,0.006364078089073,-0.002438259682322,0.0,0.0299999999999993,0.866025404542777,0.29620361328125,59.0,0.0,1.5320646925708583,0.0014338604113151,-0.1114026500920722,0.0692501616436809,-0.3591662021475665,74.35350799560547,261.3525695800781
2024-05-20,-0.0005447062829764,0.0022918671681033,-0.0150865392298124,0.0071071181957984,0.0016327201848195,-0.0046181366200012,-0.0082354085938826,-0.0058698666303894,0.0,-0.0299999999999993,0.5000000005838583,-1.5600128173828125,59.0,0.0,1.2076147288491237,-0.0548538519098683,-0.0995085081014969,0.0416717732168232,-0.2062541239435266,75.8991928100586,247.6602783203125
2024-06-03,0.0004134076876041,0.00168873687866,-0.0005447062829764,-0.0567652265470034,0.0071071181957984,0.0097294776185943,-0.0214607882485588,-0.0050366920164089,0.0,-0.1099999999999994,-1.5000003324855409,0.834320068359375,54.0,-5.0,-0.4949747468305852,-0.0683274046458995,0.078016003627265,0.0252861794762413,-0.0262948142383041,78.36276245117188,245.8371734619141
2024-06-10,0.0222773982594581,0.0037640025391796,-0.0134466809344432,-0.0005447062829764,-0.0150865392298124,0.0069835174966977,-0.0175858015192047,-0.0058754674715791,0.0,0.0499999999999998,-0.8660255477494192,0.3307418823242187,54.0,0.0,-0.6069769786668869,-0.0629769893768111,0.0308835838054322,0.0251773265743227,0.0558799073464422,76.64981079101562,244.89337158203125
2024-06-17,-0.0125464669300875,0.0021764566649993,0.0004134076876041,-0.0134466809344432,-0.0567652265470034,0.0016327201848195,0.0021748546824106,-0.0036341728982909,0.0,-0.1200000000000001,-0.500000110819566,2.1129150390625,54.0,0.0,-0.7470414085857214,0.0114839417537075,0.0131862268563776,0.0284638957934817,0.1064542725567554,76.90001678466797,250.50439453125
2024-07-01,0.0142093465628014,0.0034934631725211,-0.0125464669300875,0.0222773982594581,-0.0134466809344432,0.0071071181957984,-3.871318176529954e-05,-0.0032059697198745,0.0,0.0599999999999996,1.5000000001425693,3.607376098632813,55.0,1.0,-0.3988620176087361,-0.0136207858081205,-0.0660689479790216,0.0419828439746985,0.0212765359677635,73.18541717529297,242.4886779785156
2024-07-08,0.0019872487902461,0.0007774810733486,-0.0102991917440359,-0.0125464669300875,0.0004134076876041,-0.0150865392298124,0.003410271537034,-0.0026038172976992,0.0,-0.1499999999999994,0.8660254038463192,1.0834655761718892,55.0,0.0,-0.2268713032432597,0.0012619839878693,-0.0605147350697407,0.0350353914766563,-0.0157977734340983,72.01136779785156,245.20242309570312
2024-07-15,-0.0076061210207499,0.0018042501815217,0.0142093465628014,-0.0102991917440359,0.0222773982594581,-0.0567652265470034,-0.0016622658302689,-0.0025742732472469,0.0,-0.1799999999999997,0.5000000000475122,-1.8206100463867188,55.0,0.0,0.0,-0.0081346497203883,-0.0080091759075083,0.0114802283624,0.2515152042781252,76.28411102294922,248.4666290283203
2024-08-05,-0.0103033375682824,-0.0014259641642137,0.0922543319522163,-0.0076061210207499,0.0142093465628014,0.0004134076876041,0.0143336231317653,5.269771653154965e-05,0.0,-0.4700000000000002,1.5000000000848022,-0.9004058837890625,62.0,7.0,2.4376694558490075,0.0551791440053277,0.0034744287174237,-0.0482150344258733,0.6348315230232364,72.26156616210938,258.73248291015625
2024-08-12,0.0400516094068137,0.0055769979765584,-0.0293009671946511,0.0922543319522163,0.0019872487902461,0.0222773982594581,0.0112609765421331,0.0039245217980916,0.0,0.1199999999999996,0.8660254038211699,4.348701477050781,62.0,0.0,1.6114931313411105,0.0824394176955347,0.1960389694231585,0.009690568443442,-0.1041162360392359,91.23876953125,268.9500732421875
2024-08-19,-0.0041021071670219,0.0010583504509086,-0.0103033375682824,-0.0293009671946511,-0.0076061210207499,-0.0125464669300875,0.0231754091490241,0.0073075481055741,0.0,0.0499999999999998,0.5000000000282198,2.3450241088867188,62.0,0.0,1.207614728849126,0.148888994222454,0.277356300217263,0.0324921022188451,-0.0323367756380715,91.0253677368164,279.60223388671875
2024-09-02,0.0139929775755097,0.0023623360441051,-0.0041021071670219,0.0400516094068137,-0.0293009671946511,0.0142093465628014,0.0088823691189549,0.0088754212625847,-0.2000000000000001,0.0,1.500000000052024,-2.3351364135741903,57.0,-5.0,-0.4949747468305862,0.0806243487668176,0.221213332505584,0.0138274313133601,0.0986744348906392,88.24678802490234,279.5926208496094
2024-09-09,0.0059951505549577,-0.0005910170583766,0.0098833118043105,-0.0041021071670219,-0.0103033375682824,0.0019872487902461,0.014956447904903,0.0081850528722557,0.0,-0.2299999999999999,0.8660254038069657,4.986915588378892,57.0,0.0,-0.6069769786668884,0.0709739161298432,0.0459417997452598,0.0138911060700981,0.1189188684138882,95.4304428100586,288.0385131835937
2024-09-16,0.0205112442045934,-0.0014100738960222,0.0139929775755097,0.0098833118043105,0.0400516094068137,-0.0076061210207499,0.0064423331919389,0.0097301876626761,0.0,-0.1200000000000001,0.5000000000173414,2.0828170776367188,57.0,0.0,-0.7470414085857235,0.0312145615272463,0.0215912878826929,0.0108871885185759,0.0182849916854148,92.99072265625,288.32989501953125
2024-10-07,0.0351518398826616,8.416816211844077e-05,0.0018085115625189,0.0205112442045934,0.0139929775755097,-0.0103033375682824,0.0086565068050958,0.0116246437507106,-0.2999999999999998,0.33,1.5000000000530704,-0.7882385253906392,52.0,-5.0,-1.7554263696123726,0.0286984743039269,-0.03063807680989,0.0344258459513766,0.2355072309362744,92.5066375732422,296.3047790527344
2024-10-14,-0.0765839320931455,-0.0046919738363149,0.0063111208983132,0.0018085115625189,0.0059951505549577,0.0400516094068137,0.0159456791370218,0.0151878071593283,0.0,-0.04,0.8660254038074475,1.4525451660156392,52.0,0.0,-1.3653316208096216,0.0664690303571318,0.0082248155635487,0.0319104678814134,0.1164087376174392,93.75555419921876,307.4949035644531
2024-10-21,0.0061202868630356,0.0020529971176965,0.0351518398826616,0.0063111208983132,0.0205112442045934,-0.0041021071670219,-0.0083281149374128,0.0011179518222148,0.0,0.0699999999999994,0.5000000000175905,0.6444854736327983,52.0,0.0,-1.2076147288491283,-0.0364844209471107,-0.0005134882118678,0.0132464162485452,0.1987028903980734,94.21058654785156,284.23077392578125
2024-11-04,-0.0226976536573431,-0.0005021945804697,0.0061202868630356,-0.0765839320931455,0.0063111208983132,0.0139929775755097,-0.0050700481129038,0.0061809688656983,-0.1900000000000004,0.0499999999999998,1.50000000003414,7.451171875,69.0,17.0,2.2389086324383127,-0.0198988291141033,0.0209315770765103,0.0321095817754819,-0.2697947092421207,94.44294738769533,290.4086608886719
2024-11-11,-0.0160165431788045,0.0034740494248394,0.0150316128958326,0.0061202868630356,0.0351518398826616,0.0059951505549577,-0.019532421497905,0.0009518636103519,0.0,0.0899999999999998,0.8660254037991592,-0.8328704833984375,69.0,0.0,1.5486497545204247,-0.0755938397337115,0.0163156023959518,0.0019841743706301,-0.1048253591247481,95.28523254394533,284.25018310546875
2024-11-18,0.0198060829055058,0.0052603430479563,-0.0226976536573431,0.0150316128958326,-0.0765839320931455,0.0205112442045934,-0.0043905742693198,-4.1006057296624015e-05,0.0,0.0300000000000002,0.500000000011289,2.310218811035156,69.0,0.0,1.1832159566199243,-0.007962808232283,0.0598499235121721,0.0284436060111994,-0.2503689213816783,99.84908294677734,281.9674987792969
2024-12-02,0.0025733109526904,0.0034338232112379,0.0198060829055058,-0.0160165431788045,0.0150316128958326,0.0063111208983132,-0.0012426430580084,0.0007812718780611,-0.1599999999999992,-0.04,1.5000000000197662,5.2054290771484375,65.0,-4.0,0.3385282654104421,3.341701247494555e-05,0.0325905703820377,0.0160817529730381,-0.145247602648457,97.5208969116211,290.4183654785156
2024-12-09,0.0033030526730538,0.0018396178250736,0.013937541698608,0.0198060829055058,-0.0226976536573431,0.0351518398826616,0.0050750980944999,0.0004961185778722,0.0,-0.04,0.8660254037929549,1.3335723876953267,65.0,0.0,0.1675734851162093,0.0196637217356947,-0.0040381205368532,0.0315152820383448,-0.1443617755974704,94.90045928955078,289.839599609375
2024-12-16,-0.0049506551215556,0.0029998874076253,0.0025733109526904,0.013937541698608,-0.0160165431788045,-0.0765839320931455,0.0099049970574645,-0.0009378973830893,0.0,0.1200000000000001,0.5000000000065189,-3.262069702148437,65.0,0.0,-0.0651558364144606,0.0143330096149028,-0.1417561399997967,-0.0073213307425037,0.20472446759128,85.69486236572266,286.0089416503906
2025-01-06,-0.009863852271717,0.0053542010100945,0.0033670590967796,-0.0049506551215556,0.0025733109526904,-0.0226976536573431,-0.0099977297121823,-0.0081516843718624,-0.1500000000000003,0.04,1.5000000000117704,-2.5132598876952983,57.0,-8.0,-2.160246899469308,-0.0481793876765418,-0.0530691362095985,-0.0360244409497252,0.414916750311705,89.86417388916016,275.87530517578125
2025-01-13,0.0097942864720372,0.0059439619074788,-0.0417103754970071,0.0033670590967796,0.0033030526730538,-0.0160165431788045,-0.013289455948375,-0.0025916777200767,0.0,0.1200000000000001,0.8660254037895493,4.1722259521484375,57.0,0.0,-1.532064692570864,-0.0400778237933852,0.0813914677600473,0.0142793455495029,-0.1301743063110381,92.66969299316406,274.5463256835937
2025-01-20,-0.00304846324058,0.0012426338833285,-0.009863852271717,-0.0417103754970071,-0.0049506551215556,0.0198060829055058,-0.0096032205499768,-0.0022855110859933,0.0,-0.1300000000000007,0.5000000000038756,0.3923797607421733,57.0,0.0,-1.2076147288491292,-0.0277909900404592,0.0711111273362874,0.0217810184536058,-0.0689654821911931,96.2545166015625,278.9534912109375
2025-02-03,0.0478725235267827,0.0048120341244447,-0.00304846324058,0.0097942864720372,-0.0417103754970071,0.0025733109526904,0.0022623265559198,-0.0008867683539208,0.0,0.0899999999999998,1.5000000000538445,-3.273208618164034,54.0,-3.0,-1.232199738424242,0.0424710189801149,0.2162601113860238,0.0349360716621049,-0.1535312108207768,109.29821014404295,287.5920104980469
2025-02-10,-0.0118218779284855,0.0012508744370664,0.0121673352639392,-0.00304846324058,-0.009863852271717,0.0033030526730538,0.0166964205055447,0.0044373205382114,0.0,0.0200000000000004,0.8660254038076707,0.705299377441392,54.0,0.0,-0.9731892818343032,0.0982380156183622,0.1831178483965867,0.0202817806350201,-0.0751408759674613,109.63916778564452,301.5172119140625
2025-02-17,0.0053349564007953,0.0009578071422556,0.0478725235267827,0.0121673352639392,0.0097942864720372,-0.0049506551215556,0.011292379405414,0.0018016571353788,0.0,-0.0200000000000004,0.5000000000179069,-4.276527404785156,54.0,0.0,-0.7979297490736165,0.0677853716129139,0.13709667958966,-0.0132078162077992,0.2262625331104795,109.45069122314452,297.8624572753906
2025-03-03,-0.0483573939842953,-0.0040802546089966,0.0053349564007953,-0.0118218779284855,0.0121673352639392,-0.0417103754970071,0.0237603133585167,0.0053416367340847,0.0,-0.1699999999999999,-1.5000000009890506,-5.1109771728515625,54.0,0.0,-0.7245688373095125,0.0917091432715944,-0.0458294694203204,-0.0413636993919662,0.4129383038482312,104.28913116455078,313.9668273925781
2025-03-10,0.0204515204379712,-0.0019883573075011,0.0536556514349746,0.0053349564007953,0.0478725235267827,-0.009863852271717,-0.0002971660192527,0.0010365995126389,0.0,-0.0699999999999998,-0.8660254042133768,-4.455337524414063,54.0,0.0,-0.5400617248673597,-0.0226506449924271,-0.1235674161701386,-0.0769067175087641,0.4739336346005687,96.09133911132812,294.6876525878906
2025-03-17,0.0042840301979761,0.0007238628463719,-0.0483573939842953,0.0536556514349746,-0.0118218779284855,0.0097942864720372,0.0077711835723614,0.0031534474759329,0.0,0.1699999999999994,-0.5000000003312132,0.3725128173827983,54.0,0.0,-0.3535533905933162,0.0078525816217582,-0.1313646575915201,-0.0599393310944253,0.0587590146056198,95.07273864746094,300.2014465332031
2025-04-07,0.0115056963388805,-0.0026099280802259,0.0013043311053664,0.0042840301979761,-0.0483573939842953,0.0478725235267827,0.0130899455554143,0.0098297333472354,0.0,-0.1600000000000001,1.500000000050764,3.451568603515639,52.0,-2.0,-2.4748737341535856,0.0335856549981488,-0.1292426353430488,-0.0484422789586501,0.7253100865184536,83.6722412109375,304.5849304199219
2025-04-14,0.0131302119821859,-0.003323331006958,0.0263199004803438,0.0013043311053664,0.0204515204379712,-0.0118218779284855,0.0108534895306417,0.009972350836139,0.0,0.1099999999999998,0.8660254038061906,-2.151626586914091,52.0,0.0,-1.6201851746022204,0.0191854204345409,-0.1603997279914718,-0.0638080739215184,0.5378629959835872,79.8230972290039,305.9609375
2025-04-21,-0.0168368584890954,-0.0022671660093685,0.0115056963388805,0.0263199004803438,0.0042840301979761,0.0053349564007953,0.0130650349766941,0.0113205737713695,0.0,-0.0899999999999998,0.5000000000166529,6.076354980468764,52.0,0.0,-1.207614728849272,0.0314240243313037,-0.1424333914682511,-0.0090342435812272,0.1473441381184728,82.08556365966797,311.3076171875
2025-05-05,0.0049948271360096,0.0006976003544294,-0.0168368584890954,0.0131302119821859,0.0263199004803438,-0.0483573939842953,0.0054109693774476,0.0060679163045364,0.0,0.1600000000000001,1.5000000003633247,0.4881057739257812,56.0,4.0,1.848059138838792,0.012197615803958,-0.0600491215170334,0.056935296289841,-0.4169329388229627,78.64779663085938,308.3001403808594
2025-05-12,-0.0115335061340794,0.0004970786713381,0.0138448276778197,-0.0168368584890954,0.0115056963388805,0.0204515204379712,0.0037832520767299,0.0074693083932443,0.0,0.1499999999999999,0.8660254039412797,7.60040283203125,56.0,0.0,1.410190187044476,0.0234821850343436,0.0499386718735439,0.1287779703676892,-0.4185497472875605,83.80935668945312,313.14556884765625
2025-05-19,-0.0013772388505266,-0.0008896394197026,0.0049948271360096,0.0138448276778197,0.0131302119821859,0.0042840301979761,-0.0023826774523363,0.0060636031820048,0.0,-0.0099999999999997,0.5000000001197548,-3.4963912963867188,56.0,0.0,1.1351812029964432,-0.0068509453257585,0.014129316721936,0.0517033853665878,-0.1026569734861648,83.24537658691406,309.17486572265625
2025-06-02,-0.018356271432328,0.0010176442439935,-0.0013772388505266,-0.0115335061340794,0.0138448276778197,0.0263199004803438,-0.0098362751045098,0.0028882132761174,0.0,-0.06,1.500000000028057,-0.8118438720703125,53.0,-3.0,-0.5539117094070154,-0.020148026519298,0.124172480948776,0.0616649652658618,-0.2342465411015786,88.41368865966797,302.0885009765625
2025-06-09,-0.047628533441187,0.0033530572082302,-0.0314291825694427,-0.0013772388505266,0.0049948271360096,0.0115056963388805,-0.0156740497465942,-0.0003457693797408,0.0,0.0699999999999998,0.866025403796398,-0.2141571044921875,53.0,0.0,-0.6549210399945041,-0.0470408104195687,0.0975404777033535,0.0047122679713713,0.207656610860492,91.98416137695312,298.4149475097656
2025-06-16,0.0158704051466211,0.003699439027116,-0.018356271432328,-0.0314291825694427,-0.0115335061340794,0.0131302119821859,-0.0246978065733711,-0.0046718163496711,0.0,-0.0399999999999995,0.5000000000091823,-0.5279541015625,53.0,0.0,-0.7778174593052358,-0.0809983810154967,0.1033174541463963,0.0261954187908945,-0.0749214898026591,91.84607696533205,284.1322021484375
2025-07-07,-0.0076532666345034,0.0044982017899304,0.0049009357955259,0.0158704051466211,-0.018356271432328,0.0049948271360096,-0.0019574489378471,-0.0046160822025704,0.0,0.1799999999999997,1.5000000000571831,0.1098022460937642,56.0,3.0,1.2076147288491876,-0.0066245598361541,0.0180141944443799,0.0476776713971398,-0.2122958761326371,93.64118194580078,296.4380798339844
2025-07-14,0.0037521231296814,0.0041388310626995,0.0190273967476514,0.0049009357955259,-0.047628533441187,-0.0115335061340794,0.0080363677638237,-0.0063480387539612,0.0,0.0,0.8660254038090213,0.3693542480468608,56.0,0.0,1.2076147288491876,0.0334307364933401,0.0073023526535682,0.0591561286558695,-0.2041707478406584,92.51676940917967,293.6309509277344
2025-07-21,0.0246561687570842,0.00287542027716,-0.0076532666345034,0.0190273967476514,0.0158704051466211,-0.0013772388505266,0.0050067972595888,-0.0046322902857298,0.0,-0.0499999999999998,0.5000000000187613,1.3476181030273438,56.0,0.0,1.2076147288491876,0.0237352605070066,0.0250786937083744,0.0360866028302855,-0.0851715328211231,93.12828826904295,295.0147399902344
2025-08-04,0.013113347116597,0.0026285754550453,0.0246561687570842,0.0037521231296814,0.0190273967476514,-0.018356271432328,0.0054906740818521,-0.0040469415341963,0.0,-0.2200000000000002,1.500000000014772,3.838233947753921,62.0,6.0,2.144231161215463,0.0184721902083895,-0.0297030154711641,0.0217440312191183,-0.0762195139680145,90.85975646972656,301.9139404296875
2025-08-11,0.0184893945507345,0.0046417513290847,0.0012076710751463,0.0246561687570842,-0.0076532666345034,-0.047628533441187,0.0106823275196272,-0.00199303709664,0.0,0.0699999999999998,0.8660254037908001,2.625366210937472,62.0,0.0,1.502191381738183,0.0399231985951753,-0.0341151069430737,0.0252716956949701,-0.0804387390065932,89.36054992675781,305.3536376953125
2025-08-18,-0.0014664079540263,0.000306530310409,0.013113347116597,0.0012076710751463,0.0037521231296814,0.0158704051466211,0.0143666453748905,-0.0003374843132015,0.0,0.0100000000000002,0.5000000000048702,2.026428222656264,62.0,0.0,1.15766570019922,0.0522666548602297,-0.0577934186107724,0.0128865417339176,-0.0475552594530648,87.74608612060547,310.4341735839844
